 is spam, # sentences, # words
False,6.190821256038648,70.77053140096618
True,3.9767441860465116,68.83720930232558
