 is spam, # sentences, # words
False,6.416283585406652,914.9762723561553
True,3.764158686730505,80.27906976744184
